qtl,avg_snp_betas_sq,avg_snp_pve,score,left_bound,right_bound
m_4_407208,0.000229321571922101,0.109794684774527,44.1387725845342,m_4_41028,m_4_527682
m_4_9222034,0.000517119123271608,0.0202713115833735,5.29088073081891,m_4_8913726,m_4_10118261
m_5_26130021,0.000251350189429312,0.0149719300984252,3.43681221301254,m_5_25852375,m_5_26346630
m_5_3799350,0.000635613393168075,0.0354023520929833,11.5578821780638,m_5_3732078,m_5_3811043
m_5_7386982,0.000341153749331995,0.0166205048827901,3.55974579582841,m_5_6813533,m_5_8645610
