qtl,avg_snp_betas_sq,avg_snp_pve,score,left_bound,right_bound
m_1_26065076,0.0202193053597854,0.019044955758527,4.03396487531543,m_1_25762752,m_1_26663272
m_4_41028,0.384407071999518,0.119647605383165,46.3392995524836,m_4_41028,m_4_527682
m_4_9240644,0.031903023386479,0.0223334367510622,5.5317611760986,m_4_8118687,m_4_9871758
m_5_25961748,0.0450715226823112,0.0300951186917972,10.1418122933649,m_5_25852375,m_5_26182104
m_5_3142427,0.172867418334046,0.0573850249903979,16.6798933351507,m_5_3130900,m_5_3355249
