qtl,avg_snp_betas_sq,avg_snp_pve,score,left_bound,right_bound
m_1_28847340,0.000996531937794063,0.0471253754272572,4.47002645209544,m_1_28607852,m_1_29478919
m_1_29478919,0.000505374496921799,0.0315773864495377,4.09569686354418,m_1_29400200,m_1_29897126
m_3_8066460,0.000140789507696324,0.0107723411188402,3.72600478382193,m_3_8040793,m_3_8658987
m_4_41028,0.000238268144027897,0.109828017826708,43.4396472926082,m_4_41028,m_4_527682
m_4_9240644,0.000492910963852336,0.020048733668797,5.58755813202434,m_4_7937660,m_4_9455527
m_5_25961748,0.000295356429690244,0.0135728925620506,4.93106157386988,m_5_25950815,m_5_26346630
m_5_3142427,0.00123900380528531,0.046764249522624,13.09908409735,m_5_3062640,m_5_3475211
m_5_7484984,0.000331478435860093,0.0136757458492345,3.75032084158604,m_5_7063023,m_5_8277645
