qtl,avg_snp_betas_sq,avg_snp_pve,score,left_bound,right_bound
m_2_11952697,0.000213014622418232,0.0210653467409583,5.55160818397445,m_2_11607434,m_2_12272151
m_5_4991121,0.000818481839866517,0.0332263426856136,6.64602952388446,m_5_3799350,m_5_5130837
