qtl,avg_snp_betas_sq,avg_snp_pve,score,left_bound,right_bound
m_2_11952697,0.000230625966979228,0.0220924074669599,6.06555035319087,m_2_11607434,m_2_12272151
m_5_4991121,0.000810530288793601,0.0323611976089013,7.36920527890497,m_5_3799350,m_5_5130837
