qtl,avg_snp_betas_sq,avg_snp_pve,score,left_bound,right_bound
m_5_3811043,0.000925846802478849,0.0107805251479854,3.90778010024506,m_5_3799350,m_5_5281651
