qtl,avg_snp_betas_sq,avg_snp_pve,score,left_bound,right_bound
m_4_407208,0.000494557333815372,0.0149771963086252,3.76523396109951,m_4_41028,m_4_713957
