qtl,avg_snp_betas_sq,avg_snp_pve,score,left_bound,right_bound
m_4_407208,0.384281573150509,0.120248707404757,46.8633159442812,m_4_41028,m_4_527682
m_4_9222034,0.0332021567750442,0.0196639405222987,5.2148109105755,m_4_8365173,m_4_10087222
m_5_26130021,0.0444982705523692,0.0270535733427661,8.98891191395397,m_5_25852375,m_5_26346630
m_5_3799350,0.448437371928675,0.21053740869484,14.1913358137928,m_5_3090355,m_5_3811043
m_5_4216890,0.11544745906161,0.125783794452984,3.60792596187574,m_5_3799350,m_5_5018484
