"rdry ~ bd","h3h1 ~ bd","h3h1 ~ rdry","idry ~ bd","idry ~ rdry","idry ~ h3h1","env","pop"
0.644710773542913,NA,0.216070556732775,NA,0.171995483620136,0.135037142059612,"Sun","cvi"
