"rdry ~ bd","h3h1 ~ bd","h3h1 ~ rdry","idry ~ bd","idry ~ rdry","idry ~ h3h1","env","pop"
0.557821756406106,-0.219603608013867,0.19794116901722,NA,0.197206163011321,0.165246839554928,"Sun","ita"
