"bd ~ B4","bd ~ B42","bd ~ B5","rdry ~ B4","rdry ~ B42","rdry ~ B5","h3h1 ~ B4","h3h1 ~ B42","h3h1 ~ B5","idry ~ B4","idry ~ B42","idry ~ B5","env","pop"
0.785666244794764,NA,0.210199242186516,NA,-0.141453848887591,NA,0.0183976962813559,NA,0.00966851144632851,NA,NA,NA,"Shade","ita"
