"bd ~ B4","bd ~ B42","bd ~ B5","rdry ~ B4","rdry ~ B42","rdry ~ B5","h3h1 ~ B4","h3h1 ~ B42","h3h1 ~ B5","idry ~ B4","idry ~ B42","idry ~ B5","env","pop"
0.915742840526121,0.275887851671874,-1.13165999453351,NA,NA,0.233200308782758,NA,NA,0.276352173440278,0.0774248270568349,NA,NA,"Shade","sha"
