qtl,avg_snp_betas_sq,avg_snp_pve,score,left_bound,right_bound
m_1_26065076,0.0202193053597855,0.0190449557585271,4.03396487531545,m_1_25762752,m_1_26663272
m_4_41028,0.384407071999518,0.119647605383165,46.3392995524835,m_4_41028,m_4_527682
m_4_9240644,0.0319030233864791,0.0223334367510623,5.53176117609856,m_4_8118687,m_4_9871758
m_5_25961748,0.0450715226823112,0.0300951186917972,10.1418122933649,m_5_25852375,m_5_26182104
m_5_3142427,0.172867418334046,0.057385024990398,16.6798933351506,m_5_3130900,m_5_3355249
