qtl,avg_snp_betas_sq,avg_snp_pve,score,left_bound,right_bound
m_1_4596540,0.016002547284369,0.0226965244540438,3.75350995157122,m_1_4542122,m_1_4886636
m_1_9434318,0.0162769536908432,0.0157067798787332,3.78657573912537,m_1_9275017,m_1_10577361
m_2_11108491,0.0273708094840239,0.0189099369961746,4.7465835655085,m_2_10395643,m_2_12162694
m_2_14961718,0.0358399695869402,0.031594044832748,4.4506505679999,m_2_13993482,m_2_15310712
m_4_11152111,0.0251984051845197,0.0230388081434409,3.92266649953754,m_4_11123050,m_4_11979842
m_4_16217904,0.0213274189248178,0.0221025782119833,4.84209517242931,m_4_15488750,m_4_16640333
m_5_17201959,0.0128618996108705,0.01246613295331,3.92251005724195,m_5_17185569,m_5_17386178
m_5_4647184,0.0510441844124072,0.0513230229278968,8.49386150384325,m_5_3799350,m_5_5130837
