qtl,avg_snp_betas_sq,avg_snp_pve,score,left_bound,right_bound
m_4_15965258,0.0096774388408758,0.0193718703299289,4.29697153992363,m_4_15280472,m_4_16532462
m_4_41028,0.176915159310454,0.0790415161481338,24.8728504046877,m_4_41028,m_4_527682
m_4_8938713,0.0424604934572615,0.0260970938636823,7.29940179473624,m_4_8504098,m_4_9412679
m_5_25961748,0.0317378405497555,0.024834555693689,7.49335757243208,m_5_25852375,m_5_26182104
m_5_3475211,0.0791845596396254,0.0422579968043017,7.58797034782417,m_5_3130900,m_5_3811043
