qtl,avg_snp_betas_sq,avg_snp_pve,score
m_4_407208,0.000235929880268416,0.112209994160245,44.1387725845342
m_5_3799350,0.000790852985316521,0.0400438229474613,11.5578821780638
m_4_9222034,0.000560277253823716,0.022778540204308,5.29088073081891
