"rdry ~ bd","h3h1 ~ bd","h3h1 ~ rdry","idry ~ bd","idry ~ rdry","idry ~ h3h1","env","pop"
1.19099701478374,-0.190893986656031,0.175629287614199,0.413118656560231,0.423642986491859,0.392758698785496,"Shade","bur"
