"rdry ~ bd","h3h1 ~ bd","h3h1 ~ rdry","idry ~ bd","idry ~ rdry","idry ~ h3h1","env","pop"
1.06555032530554,-0.32126624619593,0.0247857591936062,-0.211346070410919,0.448012920803721,0.517772441754335,"Sun","bur"
