"rdry ~ bd","h3h1 ~ bd","h3h1 ~ rdry","idry ~ bd","idry ~ rdry","idry ~ h3h1","env","pop"
0.745025683354006,-0.269435235307196,0.14601293232186,0.0331844011640386,0.400985706707069,0.478756163406831,"Sun","cvi"
