"rdry ~ bd","h3h1 ~ bd","h3h1 ~ rdry","idry ~ bd","idry ~ rdry","idry ~ h3h1","env","pop"
0.776662131586814,-0.00839204496448216,0.200875074389297,0.266175918387017,0.459154023841049,0.174858217903347,"Shade","cvi"
