qtl,avg_snp_betas_sq,avg_snp_pve,score
m_5_4991121,0.000810530288793602,0.0323611976089013,7.36920527890498
m_2_11952697,0.000230625966979228,0.0220924074669598,6.06555035319083
