"rdry ~ bd","h3h1 ~ bd","h3h1 ~ rdry","idry ~ bd","idry ~ rdry","idry ~ h3h1","env","pop"
0.939824244924145,-0.224576476076444,0.177221671966808,0.0554252005656669,0.5206469551297,0.43306643168148,"Shade","ita"
