"rdry ~ bd","h3h1 ~ bd","h3h1 ~ rdry","idry ~ bd","idry ~ rdry","idry ~ h3h1","env","pop"
0.717214150183796,-0.534086998608346,0.254073868863848,-0.235567550284018,0.642109757668513,0.47482023839287,"Sun","ita"
