"rdry ~ bd","h3h1 ~ bd","h3h1 ~ rdry","idry ~ bd","idry ~ rdry","idry ~ h3h1","env","pop"
0.69248374269789,NA,0.167969703097675,NA,0.528642558826871,0.380834360430907,"Shade","oy"
