"rdry ~ bd","h3h1 ~ bd","h3h1 ~ rdry","idry ~ bd","idry ~ rdry","idry ~ h3h1","env","pop"
0.678796255136928,NA,0.205910770608184,NA,0.401443444101127,0.361109873950949,"Sun","oy"
