"rdry ~ bd","h3h1 ~ bd","h3h1 ~ rdry","idry ~ bd","idry ~ rdry","idry ~ h3h1","env","pop"
0.545810394536432,0.193121794303422,-0.2394862769232,0.0618221977233419,0.295583690080514,0.653596675992034,"Sun","sha"
