"rdry ~ bd","h3h1 ~ bd","h3h1 ~ rdry","idry ~ bd","idry ~ rdry","idry ~ h3h1","env","pop"
0.720635454426011,0.221688470384004,-0.0705236055000771,0.103466258672332,0.328601691607308,0.59108148600839,"Shade","sha"
