"rdry ~ bd","h3h1 ~ bd","h3h1 ~ rdry","idry ~ bd","idry ~ rdry","idry ~ h3h1","env","pop"
0.425862141643295,-0.36015134279081,0.714883658605255,-0.0231412514148199,0.0689774588820864,0.0735142967975968,"Sun","blh"
