"rdry ~ bd","h3h1 ~ bd","h3h1 ~ rdry","idry ~ bd","idry ~ rdry","idry ~ h3h1","env","pop"
0.404892585288264,NA,0.0715555394043309,NA,0.533638134174242,0.23906097763652,"Shade","bur"
