"rdry ~ bd","h3h1 ~ bd","h3h1 ~ rdry","idry ~ bd","idry ~ rdry","idry ~ h3h1","env","pop"
0.283643423388216,NA,0.955924003516574,NA,1.65419694453176,0.248045446913519,"Shade","cvi"
