"rdry ~ bd","h3h1 ~ bd","h3h1 ~ rdry","idry ~ bd","idry ~ rdry","idry ~ h3h1","env","pop"
0.654543192465796,-0.233583344410397,0.381409846544405,NA,0.307033346150954,0.402275650821305,"Shade","jea"
