"bd ~ B4","bd ~ B42","bd ~ B5","rdry ~ B4","rdry ~ B42","rdry ~ B5","h3h1 ~ B4","h3h1 ~ B42","h3h1 ~ B5","idry ~ B4","idry ~ B42","idry ~ B5","env","pop"
0.829238946678989,0.262854619619029,-0.976767050981243,NA,NA,0.305635707995837,NA,NA,0.435521186454964,0.0751676718490374,NA,NA,"Sun","sha"
