Trait,QTL,SNP PVE,-log10(p),Left Bound,Right Bound,# Annotated genes
bd_gxe,m_4_407208,0.112209994160245,44.1387725845342,m_4_41028,m_4_527682,2
bd_gxe,m_4_9222034,0.022778540204308,5.29088073081887,m_4_7937660,m_4_10118261,14
bd_gxe,m_5_3799350,0.0400438229474613,11.5578821780639,m_5_3751166,m_5_3811043,
h3_h1_gxe,m_2_11952697,0.0199667642235757,4.8311044054804,m_2_11607434,m_2_12336345,
h3_h1_gxe,m_5_4991121,0.0375129472934722,9.00056671488548,m_5_3799350,m_5_5130837,7
i_dry_gxe,m_4_407208,0.0325343536767214,8.64154860737148,m_4_41028,m_4_527682,2
i_dry_gxe,m_5_4216890,0.037489330413587,7.44079872075932,m_5_3799350,m_5_5018484,7
r_dry_gxe,m_4_407208,0.0633722072456199,22.379649215271,m_4_41028,m_4_527682,2
r_dry_gxe,m_4_9222034,0.0220155944341498,5.66579963332929,m_4_8504098,m_4_9455527,7
r_dry_gxe,m_5_26130021,0.021807549605466,5.27371478493105,m_5_25852375,m_5_26182104,1
r_dry_gxe,m_5_3799350,0.0370972522510625,7.36955605815515,m_5_2945876,m_5_4251866,7
