qtl,avg_snp_betas_sq,avg_snp_pve,score,left_bound,right_bound
m_4_407208,0.0034334394781799,0.0633722072456199,22.379649215271,m_4_41028,m_4_527682
m_4_9222034,0.00111208632771996,0.0220155944341498,5.66579963332929,m_4_8504098,m_4_9455527
m_5_26130021,0.000693163007559666,0.021807549605466,5.27371478493105,m_5_25852375,m_5_26182104
m_5_3799350,0.00137869064337035,0.0370972522510625,7.36955605815515,m_5_2945876,m_5_4251866
