qtl,avg_snp_betas_sq,avg_snp_pve,score,left_bound,right_bound
m_2_11683361,0.000213805598826671,0.0207131845961789,5.18106944888133,m_2_11607434,m_2_12272151
m_4_16640333,0.000136905209181765,0.0135923680164436,3.67516527563947,m_4_16212324,m_4_17289054
m_5_4647184,0.00083753210072508,0.0372318066858884,8.08465715274808,m_5_3799350,m_5_5130837
