qtl,avg_snp_betas_sq,avg_snp_pve,score,left_bound,right_bound
m_4_41028,0.00338366741973293,0.0632232063731046,21.3408289792924,m_4_41028,m_4_527682
m_4_8938713,0.00115995723484713,0.0214316684173385,5.58360638518605,m_4_8504098,m_4_9455527
m_5_25961748,0.000733398830909934,0.0207244026586425,5.6478083099089,m_5_25637221,m_5_26182104
m_5_3142427,0.00156841491780884,0.039175375642903,7.1430854463034,m_5_3062640,m_5_4251866
