acc_shelf_fixef,acc_int_fixef,acc_treatment_fixef,acc_geno_var,acc_gxe_var,acc_res,acc_geno_h2,acc_gxe_h2,trait
-0.0444950208232615,0.614888942623995,-0.535367095007971,0.887188267463733,0.00460334081024478,0.264620793848509,76.4007326621078,0.394181326756711,bd
-0.14792622975741,0.675766342610085,-0.266387754447201,0.2980462587476,0.0507385679962754,0.623691842944985,30.2674570533029,4.94441888136084,h3_h1
-0.0763918104504482,0.912633935866766,-0.72821645032341,0.736944412479135,0.0226813101535294,0.23031705404395,74.079968257476,2.26283233324286,r_dry
-0.131926985664645,0.89038620891903,-0.463278720499879,0.227940974373122,0.0399416055005298,0.534234079930589,28.1913996035405,4.9090986772055,i_dry
