Trait,Shelf,Geno Var,GxE Var,Residual Var,G-PVE,GxE-PVE,E-PVE,Acc. GxE-PVE
BD,-0.05,0.38,0.01,0.27,52.04,1.27,46.69,0.394181326756711
IG,-0.01,0.19,0.01,0.39,32.82,2.46,64.72,4.94441888136084
IB,-0.05,0.07,0.03,0.42,13.81,5.15,81.04,4.9090986772055
RB,-0.11,0.26,0.02,0.4,36.04,2.59,61.37,2.26283233324286
