qtl,avg_snp_betas_sq,avg_snp_pve,score,left_bound,right_bound
m_1_5076809,0.0144453975970951,0.0195332990466015,3.66812135234756,m_1_4542122,m_1_5696129
m_1_8502198,0.0195785765252237,0.0154244677422979,3.82809425633876,m_1_8384238,m_1_9117257
m_2_11095198,0.0246351622115595,0.0175054903940788,4.87675576580263,m_2_10395643,m_2_12272151
m_2_15165371,0.0313717700369854,0.0284173651529297,4.6833770628159,m_2_13993482,m_2_15310712
m_4_11631139,0.0273593045059114,0.0239373212467941,3.82665008178065,m_4_11123050,m_4_11979842
m_4_16212324,0.0199087693610845,0.0200034033792873,4.53245590601302,m_4_15488750,m_4_16640333
m_5_16608188,0.0122772470847006,0.0148031482111097,3.76657196772968,m_5_15992711,m_5_17827922
m_5_4216890,0.0512679410579957,0.0510189666103354,9.98702673380889,m_5_3799350,m_5_5018484
