qtl,avg_snp_betas_sq,avg_snp_pve,score,left_bound,right_bound
m_4_16212324,0.0102839275907243,0.0202355761941672,4.40068603238912,m_4_15280472,m_4_16532462
m_4_407208,0.177903608392431,0.079197424464769,25.5668277470975,m_4_41028,m_4_527682
m_4_9222034,0.0406499884598008,0.0260382192085191,7.15794625726584,m_4_8504098,m_4_9455527
m_5_26130021,0.0328365372385843,0.0248271051020505,6.71048656918707,m_5_25852375,m_5_26182104
m_5_3799350,0.0759908245470908,0.0392827480867232,8.46283275050212,m_5_3130900,m_5_4251866
