"rdry ~ bd","h3h1 ~ bd","h3h1 ~ rdry","idry ~ bd","idry ~ rdry","idry ~ h3h1","env","pop"
0.104411723691694,0.188715344837535,0.761057370057048,NA,1.24838822965064,0.268998199721043,"Shade","oy"
