qtl,avg_snp_betas_sq,avg_snp_pve,score,left_bound,right_bound
m_4_407208,0.384281573150508,0.120248707404757,46.8633159442812,m_4_41028,m_4_527682
m_4_9222034,0.0332021567750441,0.0196639405222987,5.21481091057553,m_4_8365173,m_4_10087222
m_5_26130021,0.0444982705523691,0.027053573342766,8.988911913954,m_5_25852375,m_5_26346630
m_5_3799350,0.448437371928675,0.210537408694841,14.1913358137929,m_5_3090355,m_5_3811043
m_5_4216890,0.11544745906161,0.125783794452985,3.60792596187576,m_5_3799350,m_5_5018484
