qtl,avg_snp_betas_sq,avg_snp_pve,score,left_bound,right_bound
m_5_4216890,0.000901719769980402,0.0103793771642387,3.69121016530228,m_5_3799350,m_5_5281651
